-- --------------------------------------------------------
-- Host:                         127.0.0.1
-- Server version:               5.7.19 - MySQL Community Server (GPL)
-- Server OS:                    Win64
-- HeidiSQL Version:             9.4.0.5125
-- --------------------------------------------------------

/*!40101 SET @OLD_CHARACTER_SET_CLIENT=@@CHARACTER_SET_CLIENT */;
/*!40101 SET NAMES utf8 */;
/*!50503 SET NAMES utf8mb4 */;
/*!40014 SET @OLD_FOREIGN_KEY_CHECKS=@@FOREIGN_KEY_CHECKS, FOREIGN_KEY_CHECKS=0 */;
/*!40101 SET @OLD_SQL_MODE=@@SQL_MODE, SQL_MODE='NO_AUTO_VALUE_ON_ZERO' */;


-- Dumping database structure for images
CREATE DATABASE IF NOT EXISTS `images` /*!40100 DEFAULT CHARACTER SET utf8mb4 COLLATE utf8mb4_unicode_ci */;
USE `images`;

-- Dumping structure for table images.images
CREATE TABLE IF NOT EXISTS `images` (
  `id` int(10) unsigned NOT NULL AUTO_INCREMENT,
  `name` varchar(200) COLLATE utf8mb4_unicode_ci NOT NULL,
  `filePath` varchar(200) COLLATE utf8mb4_unicode_ci NOT NULL,
  `height` int(11) NOT NULL,
  `width` int(11) NOT NULL,
  `user_id` int(10) unsigned DEFAULT NULL,
  `created_at` timestamp NULL DEFAULT NULL,
  `updated_at` timestamp NULL DEFAULT NULL,
  PRIMARY KEY (`id`),
  KEY `images_user_id_foreign` (`user_id`),
  CONSTRAINT `images_user_id_foreign` FOREIGN KEY (`user_id`) REFERENCES `users` (`id`) ON DELETE SET NULL
) ENGINE=InnoDB AUTO_INCREMENT=51 DEFAULT CHARSET=utf8mb4 COLLATE=utf8mb4_unicode_ci ROW_FORMAT=DYNAMIC;

-- Dumping data for table images.images: ~6 rows (approximately)
/*!40000 ALTER TABLE `images` DISABLE KEYS */;
INSERT INTO `images` (`id`, `name`, `filePath`, `height`, `width`, `user_id`, `created_at`, `updated_at`) VALUES
	(1, 'Sgt. Pepper Cover', 'sgt_pepper_cover.jpg', 1000, 1000, 1, '2017-12-10 13:39:20', '2017-12-10 13:39:20'),
	(14, 'The Last Supper', 'Whka6zdlxQ4RvTt5ryAfpkVDoTiE21WV7XdpOcrX.jpeg', 899, 1726, 1, '2018-01-06 09:33:05', '2018-01-06 09:33:05'),
	(40, 'Orion', 'U41haRd23NrLWdDS2GPPzojLKNB4qztuQImfmrQN.jpeg', 854, 1280, 1, '2018-01-13 13:51:20', '2018-01-13 13:51:20'),
	(42, 'Orion (cropped)', 'P7kpukcvPGnMA01FOuboy1PCxcFMGPv0uMcQKq8N.jpeg', 852, 811, 1, '2018-01-13 15:23:07', '2018-01-13 15:23:07'),
	(43, 'Motherboard (ASUS P5AD2-E)', '5nO6VrppKZNHUjzwvT0Ac0LhuWiOHsVMj7rD8GTE.jpeg', 866, 1024, 1, '2018-01-13 16:31:35', '2018-01-13 16:31:35'),
	(48, 'Technology-computer-motherboard-chips-163140', 'E7VDPiTiUm52DfaKhvAx0FOfq8YC9ga3efYqJWhE.jpeg', 1440, 1920, 2, '2018-01-15 22:48:55', '2018-01-15 22:48:55');
/*!40000 ALTER TABLE `images` ENABLE KEYS */;

-- Dumping structure for table images.image_elements
CREATE TABLE IF NOT EXISTS `image_elements` (
  `id` int(10) unsigned NOT NULL AUTO_INCREMENT,
  `name` varchar(200) COLLATE utf8mb4_unicode_ci NOT NULL,
  `subtitle` varchar(200) COLLATE utf8mb4_unicode_ci DEFAULT NULL,
  `x1` int(11) NOT NULL,
  `x2` int(11) NOT NULL,
  `y1` int(11) NOT NULL,
  `y2` int(11) NOT NULL,
  `height` int(11) NOT NULL,
  `width` int(11) NOT NULL,
  `appearance` tinyint(4) NOT NULL,
  `searchTerms` varchar(100) COLLATE utf8mb4_unicode_ci DEFAULT NULL,
  `description` varchar(5000) COLLATE utf8mb4_unicode_ci DEFAULT NULL,
  `orientation` varchar(20) COLLATE utf8mb4_unicode_ci NOT NULL,
  `zIndex` int(11) NOT NULL,
  `image_id` int(10) unsigned NOT NULL,
  `created_at` timestamp NULL DEFAULT NULL,
  `updated_at` timestamp NULL DEFAULT NULL,
  PRIMARY KEY (`id`),
  KEY `image_elements_image_id_foreign` (`image_id`),
  CONSTRAINT `image_elements_image_id_foreign` FOREIGN KEY (`image_id`) REFERENCES `images` (`id`) ON DELETE CASCADE
) ENGINE=InnoDB AUTO_INCREMENT=330 DEFAULT CHARSET=utf8mb4 COLLATE=utf8mb4_unicode_ci ROW_FORMAT=DYNAMIC;

-- Dumping data for table images.image_elements: ~183 rows (approximately)
/*!40000 ALTER TABLE `image_elements` DISABLE KEYS */;
INSERT INTO `image_elements` (`id`, `name`, `subtitle`, `x1`, `x2`, `y1`, `y2`, `height`, `width`, `appearance`, `searchTerms`, `description`, `orientation`, `zIndex`, `image_id`, `created_at`, `updated_at`) VALUES
	(1, 'Sri Yukteswar Giri', 'Hindu guru', 26, 85, 80, 149, 66, 59, 1, 'Sri Yukteswar Giri', '', 'leftImage', 946, 1, '2017-12-10 13:57:00', '2017-12-10 13:57:00'),
	(2, 'Aleister Crowley', 'occultist', 91, 148, 83, 148, 62, 57, 1, 'Aleister Crowley', '', 'leftImage', 951, 1, '2017-12-10 13:57:00', '2017-12-10 13:57:00'),
	(3, 'Mae West', 'actress', 155, 212, 72, 141, 66, 57, 1, 'Mae West', '', 'leftImage', 948, 1, '2017-12-10 13:57:00', '2017-12-10 13:57:00'),
	(4, 'Lenny Bruce', 'comedian', 201, 252, 85, 150, 62, 51, 1, 'Lenny Bruce', '', 'leftImage', 956, 1, '2017-12-10 13:57:00', '2017-12-10 13:57:00'),
	(5, 'Karlheinz Stockhausen', 'composer', 269, 315, 79, 144, 62, 46, 1, 'Karlheinz Stockhausen', '', 'leftImage', 960, 1, '2017-12-10 13:57:00', '2017-12-10 13:57:00'),
	(6, 'W. C. Fields', 'comedian/actor', 301, 364, 72, 147, 72, 63, 1, 'W. C. Fields', '', 'centreImage', 938, 1, '2017-12-10 13:57:00', '2017-12-10 13:57:00'),
	(7, 'Carl Jung', 'psychiatrist', 356, 402, 80, 146, 63, 46, 1, 'Carl Jung', '', 'centreImage', 959, 1, '2017-12-10 13:57:00', '2017-12-10 13:57:00'),
	(8, 'Edgar Allan Poe', 'writer', 399, 458, 66, 134, 68, 59, 1, 'Edgar Allan Poe', NULL, 'centreImage', 945, 1, '2017-12-10 13:57:00', '2018-01-10 11:39:40'),
	(9, 'Fred Astaire', 'actor/dancer', 486, 542, 91, 154, 60, 56, 1, 'Fred Astaire', '', 'centreImage', 953, 1, '2017-12-10 13:57:00', '2017-12-10 13:57:00'),
	(10, 'Richard Merkin', 'artist', 534, 599, 64, 150, 83, 65, 1, 'Richard Merkin', '', 'centreImage', 926, 1, '2017-12-10 13:57:00', '2017-12-10 13:57:00'),
	(11, 'The Vargas Girl', 'by artist Alberto Vargas', 590, 650, 73, 137, 61, 60, 1, 'Alberto Vargas', '', 'centreImage', 949, 1, '2017-12-10 13:57:00', '2017-12-10 13:57:00'),
	(12, 'Huntz Hall', 'actor', 675, 757, 72, 140, 68, 82, 1, 'Huntz Hall', '', 'centreImage', 924, 1, '2017-12-10 13:57:00', '2017-12-10 13:57:00'),
	(13, 'Simon Rodia', 'designer and builder of the Watts Towers', 743, 785, 65, 138, 70, 42, 1, 'Simon Rodia', '', 'rightImage', 959, 1, '2017-12-10 13:57:00', '2017-12-10 13:57:00'),
	(14, 'Bob Dylan', 'singer/songwriter', 779, 834, 59, 133, 71, 55, 1, 'Bob Dylan', '', 'rightImage', 946, 1, '2017-12-10 13:57:00', '2017-12-10 13:57:00'),
	(15, 'Aubrey Beardsley', 'illustrator', 24, 67, 126, 194, 65, 43, 1, 'Aubrey Beardsley', '', 'leftImage', 961, 1, '2017-12-10 13:57:00', '2017-12-10 13:57:00'),
	(16, 'Sir Robert Peel', '19th century British Prime Minister', 68, 121, 129, 196, 64, 53, 1, 'Robert Peel', '', 'leftImage', 953, 1, '2017-12-10 13:57:00', '2017-12-10 13:57:00'),
	(17, 'Aldous Huxley', 'writer', 147, 200, 130, 208, 78, 53, 1, 'Aldous Huxley', '', 'leftImage', 943, 1, '2017-12-10 13:57:00', '2017-12-10 13:57:00'),
	(18, 'Dylan Thomas', 'poet', 191, 239, 166, 228, 59, 48, 1, 'Dylan Thomas', '', 'leftImage', 960, 1, '2017-12-10 13:57:00', '2017-12-10 13:57:00'),
	(19, 'Terry Southern', 'writer', 236, 279, 134, 201, 64, 43, 1, 'Terry Southern', '', 'leftImage', 961, 1, '2017-12-10 13:57:00', '2017-12-10 13:57:00'),
	(20, 'Dion DiMucci', 'singer/songwriter', 265, 312, 162, 224, 59, 47, 1, 'Dion DiMucci', '', 'leftImage', 961, 1, '2017-12-10 13:57:00', '2017-12-10 13:57:00'),
	(21, 'Tony Curtis', 'actor', 305, 346, 139, 213, 71, 41, 1, 'Tony Curtis', '', 'centreImage', 959, 1, '2017-12-10 13:57:00', '2017-12-10 13:57:00'),
	(22, 'Wallace Berman', 'artist', 345, 381, 131, 199, 65, 36, 1, 'Wallace Berman', '', 'centreImage', 967, 1, '2017-12-10 13:57:00', '2017-12-10 13:57:00'),
	(23, 'Tommy Handley', 'comedian', 375, 419, 136, 202, 63, 44, 1, 'Tommy Handley', '', 'centreImage', 961, 1, '2017-12-10 13:57:00', '2017-12-10 13:57:00'),
	(24, 'Marilyn Monroe', 'actress', 424, 472, 130, 200, 70, 48, 1, 'Marilyn Monroe', '', 'centreImage', 954, 1, '2017-12-10 13:57:00', '2017-12-10 13:57:00'),
	(25, 'William S. Burroughs', 'writer', 461, 506, 130, 210, 80, 45, 1, 'William S. Burroughs', '', 'centreImage', 950, 1, '2017-12-10 13:57:00', '2017-12-10 13:57:00'),
	(26, 'Sri Mahavatar Babaji', 'Hindu guru', 507, 548, 145, 205, 57, 41, 1, 'Mahavatar Babaji', '', 'centreImage', 967, 1, '2017-12-10 13:57:00', '2017-12-10 13:57:00'),
	(27, 'Stan Laurel', 'actor/comedian', 543, 592, 134, 210, 76, 49, 1, 'Stan Laurel', '', 'centreImage', 949, 1, '2017-12-10 13:57:00', '2017-12-10 13:57:00'),
	(28, 'Richard Lindner', 'artist', 584, 630, 124, 176, 49, 46, 1, 'Richard Lindner (painter)', '', 'centreImage', 968, 1, '2017-12-10 13:57:00', '2017-12-10 13:57:00'),
	(29, 'Fatty Arbuckle', 'actor/comedian', 621, 675, 130, 197, 64, 54, 1, 'Roscoe Arbuckle', '', 'centreImage', 952, 1, '2017-12-10 13:57:00', '2017-12-10 13:57:00'),
	(30, 'Karl Marx', 'political philosopher', 667, 711, 133, 193, 60, 44, 1, 'Karl Marx', '', 'centreImage', 963, 1, '2017-12-10 13:57:00', '2017-12-10 13:57:00'),
	(31, 'H. G. Wells', 'writer', 704, 756, 129, 189, 57, 52, 1, 'H. G. Wells', '', 'centreImage', 959, 1, '2017-12-10 13:57:00', '2017-12-10 13:57:00'),
	(32, 'Sri Paramahansa Yogananda', 'Hindu guru', 746, 798, 122, 182, 57, 52, 1, 'Paramahansa Yogananda', '', 'rightImage', 959, 1, '2017-12-10 13:57:00', '2017-12-10 13:57:00'),
	(33, 'James Joyce', 'Irish poet and novelist', 787, 832, 126, 173, 44, 45, 1, 'James Joyce', '', 'rightImage', 972, 1, '2017-12-10 13:57:00', '2017-12-10 13:57:00'),
	(34, 'Wax dummy No. 1', 'borrowed from a local hairdresser\'s', 817, 875, 90, 199, 106, 58, 1, 'Wax dummy No. 1', NULL, 'rightImage', 916, 1, '2017-12-10 13:57:00', '2017-12-19 20:34:17'),
	(35, 'Stuart Sutcliffe', 'artist/former Beatle', 0, 40, 159, 221, 59, 44, 1, 'Stuart Sutcliffe', '', 'leftImage', 963, 1, '2017-12-10 13:57:00', '2017-12-10 13:57:00'),
	(36, 'Wax dummy No. 2', 'borrowed from a local hairdresser\'s', 41, 87, 174, 224, 47, 46, 1, 'Wax dummy No. 2', '', 'leftImage', 969, 1, '2017-12-10 13:57:00', '2017-12-10 13:57:00'),
	(37, 'Max Miller', 'comedian', 70, 128, 182, 268, 83, 58, 1, 'Max Miller (comedian)', '', 'leftImage', 934, 1, '2017-12-10 13:57:00', '2017-12-10 13:57:00'),
	(38, 'A "Petty Girl"', 'by artist George Petty', 119, 179, 198, 285, 84, 60, 1, 'George Petty', '', 'leftImage', 931, 1, '2017-12-10 13:57:00', '2017-12-10 13:57:00'),
	(39, 'Marlon Brando', 'actor', 155, 219, 201, 272, 71, 64, 1, 'Marlon Brando', '', 'leftImage', 938, 1, '2017-12-10 13:57:00', '2017-12-10 13:57:00'),
	(40, 'Tom Mix', 'actor', 220, 303, 191, 287, 93, 83, 1, 'Tom Mix', '', 'leftImage', 895, 1, '2017-12-10 13:57:00', '2017-12-10 13:57:00'),
	(41, 'Oscar Wilde', 'writer', 288, 346, 219, 290, 68, 58, 1, 'Oscar Wilde', '', 'leftImage', 946, 1, '2017-12-10 13:57:00', '2017-12-10 13:57:00'),
	(42, 'Tyrone Power', 'actor', 336, 381, 190, 257, 64, 45, 1, 'Tyrone Power', '', 'centreImage', 960, 1, '2017-12-10 13:57:00', '2017-12-10 13:57:00'),
	(43, 'Larry Bell', 'artist', 376, 421, 197, 260, 60, 45, 1, 'Larry Bell (artist)', '', 'centreImage', 962, 1, '2017-12-10 13:57:00', '2017-12-10 13:57:00'),
	(44, ' David Livingstone', 'missionary, explorer and doctor, I presume', 406, 446, 175, 229, 51, 40, 1, ' David Livingstone', '', 'centreImage', 971, 1, '2017-12-10 13:57:00', '2017-12-10 13:57:00'),
	(45, 'Johnny Weissmuller', 'Olympic swimmer/Tarzan actor', 428, 491, 199, 278, 76, 63, 1, 'Johnny Weissmuller', '', 'centreImage', 934, 1, '2017-12-10 13:57:00', '2017-12-10 13:57:00'),
	(46, 'Stephen Crane', 'writer', 513, 547, 171, 231, 57, 34, 1, 'Stephen Crane', '', 'centreImage', 972, 1, '2017-12-10 13:57:00', '2017-12-10 13:57:00'),
	(47, 'Issy Bonn', 'comedian', 507, 579, 186, 253, 64, 72, 1, 'Issy Bonn', '', 'centreImage', 937, 1, '2017-12-10 13:57:00', '2017-12-10 13:57:00'),
	(48, 'George Bernard Shaw', 'playwright', 581, 633, 165, 229, 61, 52, 1, 'George Bernard Shaw', '', 'centreImage', 956, 1, '2017-12-10 13:57:00', '2017-12-10 13:57:00'),
	(49, 'H. C. Westermann', 'sculptor', 625, 677, 189, 242, 50, 52, 1, 'H. C. Westermann', '', 'centreImage', 963, 1, '2017-12-10 13:57:00', '2017-12-10 13:57:00'),
	(50, 'Albert Stubbins', 'English footballer', 668, 719, 184, 258, 71, 51, 1, 'Albert Stubbins', '', 'centreImage', 950, 1, '2017-12-10 13:57:00', '2017-12-10 13:57:00'),
	(51, 'Sri Lahiri Mahasaya', 'guru', 698, 745, 181, 229, 45, 47, 1, 'Lahiri Mahasaya', '', 'centreImage', 970, 1, '2017-12-10 13:57:00', '2017-12-10 13:57:00'),
	(52, 'Lewis Carroll', 'writer', 742, 802, 185, 279, 91, 60, 1, 'Lewis Carroll', '', 'rightImage', 925, 1, '2017-12-10 13:57:00', '2017-12-10 13:57:00'),
	(53, 'T. E. Lawrence', 'Lawrence of Arabia', 770, 825, 158, 230, 72, 55, 1, 'T. E. Lawrence', '', 'rightImage', 946, 1, '2017-12-10 13:57:00', '2017-12-10 13:57:00'),
	(54, 'Sonny Liston', 'boxer - wax model', 0, 69, 248, 654, 403, 74, 1, 'Sonny Liston', '', 'leftImage', 601, 1, '2017-12-10 13:57:00', '2017-12-10 13:57:00'),
	(55, 'A "Petty Girl"', 'by artist George Petty', 0, 77, 208, 290, 79, 77, 1, 'George Petty', '', 'leftImage', 917, 1, '2017-12-10 13:57:00', '2017-12-10 13:57:00'),
	(56, 'George Harrison', 'wax model', 62, 125, 252, 509, 257, 63, 1, 'George Harrison', '', 'leftImage', 783, 1, '2017-12-10 13:57:00', '2017-12-10 13:57:00'),
	(57, 'John Lennon', 'wax model', 110, 170, 245, 340, 92, 60, 1, 'John Lennon', '', 'leftImage', 925, 1, '2017-12-10 13:57:00', '2017-12-10 13:57:00'),
	(58, 'Shirley Temple', 'child actress', 142, 180, 270, 310, 37, 38, 1, 'Shirley Temple', '', 'leftImage', 979, 1, '2017-12-10 13:57:00', '2017-12-10 13:57:00'),
	(59, 'Ringo Starr', 'wax model', 146, 230, 271, 471, 200, 84, 1, 'Ringo Starr', '', 'leftImage', 774, 1, '2017-12-10 13:57:00', '2017-12-10 13:57:00'),
	(60, 'Paul McCartney', 'wax model', 216, 282, 258, 368, 110, 66, 1, 'Paul McCartney', '', 'leftImage', 901, 1, '2017-12-10 13:57:00', '2017-12-10 13:57:00'),
	(61, 'Albert Einstein', 'physicist', 282, 330, 264, 319, 52, 48, 1, 'Albert Einstein', '', 'leftImage', 965, 1, '2017-12-10 13:57:00', '2017-12-10 13:57:00'),
	(62, 'John Lennon', 'holding a french horn', 305, 408, 231, 507, 273, 103, 2, 'John Lennon', '', 'centreImage', 624, 1, '2017-12-10 13:57:00', '2017-12-10 13:57:00'),
	(63, 'Ringo Starr', 'holding a trumpet', 393, 479, 240, 488, 245, 86, 2, 'Ringo Starr', '', 'centreImage', 718, 1, '2017-12-10 13:57:00', '2017-12-10 13:57:00'),
	(64, 'Paul McCartney', 'holding a cor anglais', 465, 580, 219, 490, 268, 115, 2, 'Paul McCartney', '', 'centreImage', 588, 1, '2017-12-10 13:57:00', '2017-12-10 13:57:00'),
	(65, 'George Harrison', 'holding a piccolo', 559, 679, 220, 548, 325, 120, 2, 'George Harrison', '', 'centreImage', 479, 1, '2017-12-10 13:57:00', '2017-12-10 13:57:00'),
	(66, 'Bette Davis', 'actress', 635, 682, 284, 317, 30, 47, 1, 'Bette Davis', '', 'centreImage', 979, 1, '2017-12-10 13:57:00', '2017-12-10 13:57:00'),
	(67, 'Bobby Breen', 'singer', 656, 703, 250, 296, 46, 47, 1, 'Bobby Breen', '', 'centreImage', 970, 1, '2017-12-10 13:57:00', '2017-12-10 13:57:00'),
	(68, 'Marlene Dietrich', 'actress/singer', 693, 763, 219, 351, 129, 70, 1, 'Marlene Dietrich', '', 'centreImage', 878, 1, '2017-12-10 13:57:00', '2017-12-10 13:57:00'),
	(69, 'Shirley Temple', 'child actress', 708, 786, 404, 578, 171, 80, 2, 'Shirley Temple', '', 'centreImage', 816, 1, '2017-12-10 13:57:00', '2017-12-10 13:57:00'),
	(70, 'Legionnaire', 'from The Royal Antediluvian Order Of Buffaloes', 752, 806, 264, 337, 70, 54, 1, 'Royal Antediluvian Order of Buffaloes', '', 'rightImage', 948, 1, '2017-12-10 13:57:00', '2017-12-10 13:57:00'),
	(71, 'Diana Dors', 'actress - wax model', 781, 885, 252, 544, 289, 104, 1, 'Diana Dors', '', 'rightImage', 598, 1, '2017-12-10 13:57:00', '2017-12-10 13:57:00'),
	(72, 'Cloth grandmother figure', 'by Jann Haworth (co-creator of the album cover)', 904, 964, 404, 501, 94, 60, 1, 'Jann Haworth', '', 'rightImage', 923, 1, '2017-12-10 13:57:00', '2017-12-10 13:57:00'),
	(73, 'Cloth doll of Shirley Temple', 'by Jann Haworth (co-creator of the album cover)', 822, 999, 454, 678, 221, 177, 3, 'Jann Haworth', '', 'rightImage', 477, 1, '2017-12-10 13:57:00', '2017-12-10 13:57:00'),
	(74, 'Ceramic candlestick', 'Mexican Tree of Life sculpture from Metepec', 800, 868, 532, 665, 130, 68, 1, 'Tree of Life (craft)', '', 'rightImage', 880, 1, '2017-12-10 13:57:00', '2017-12-10 13:57:00'),
	(75, '9-inch Sony television set', 'purportedly owned by Paul McCartney', 746, 807, 604, 680, 73, 61, 1, '9-inch Sony television set', '', 'rightImage', 939, 1, '2017-12-10 13:57:00', '2017-12-10 13:57:00'),
	(76, 'Stone figure of girl', 'provided by Lennon/Harrison', 771, 821, 628, 707, 76, 50, 1, 'Stone figure of girl', '', 'rightImage', 947, 1, '2017-12-10 13:57:00', '2017-12-10 13:57:00'),
	(77, 'Stone figure', 'provided by Lennon/Harrison', 871, 922, 704, 793, 86, 51, 2, 'Stone figure', '', 'rightImage', 940, 1, '2017-12-10 13:57:00', '2017-12-10 13:57:00'),
	(78, 'Statue bust', 'provided from John Lennon\'s house', 591, 745, 585, 716, 128, 154, 1, 'Statue from Lennon\'s house', '', 'centreImage', 736, 1, '2017-12-10 13:57:00', '2017-12-10 13:57:00'),
	(79, 'Swimming Trophy', 'awarded to John Lennon as a child', 559, 628, 694, 791, 94, 69, 1, 'Swimming Trophy', '', 'centreImage', 912, 1, '2017-12-10 13:57:00', '2017-12-10 13:57:00'),
	(80, 'Lakshmi doll', 'the Hindu goddess of wealth, fortune and prosperity', 405, 495, 781, 921, 137, 90, 1, 'Lakshmi doll', '', 'centreImage', 834, 1, '2017-12-10 13:57:00', '2017-12-10 13:57:00'),
	(81, 'Drum skin', 'designed by Joe Ephgrave (fairground artist)', 356, 584, 451, 695, 244, 228, 1, 'Joe Ephgrave', 'Little is known of Frederick \'Joe\' Ephgrave with some believing him to be invented by the Beatles themselves:-\n</br>\n<a style="padding: 5px;" href="http://www.shada.plus.com/ephgrave.html" target="_blank">http://www.shada.plus.com/ephgrave.html</a>', 'centreImage', 258, 1, '2017-12-10 13:57:00', '2018-01-07 10:21:27'),
	(82, 'Hookah', 'Indian water pipe', 60, 140, 491, 690, 196, 80, 1, 'Hookah', '', 'leftImage', 789, 1, '2017-12-10 13:57:00', '2017-12-10 13:57:00'),
	(83, 'Velvet snake', 'purportedly by Jann Haworth (co-creator of the album cover)', 0, 85, 653, 717, 61, 85, 1, 'Jann Haworth', '', 'leftImage', 929, 1, '2017-12-10 13:57:00', '2017-12-10 13:57:00'),
	(84, 'Fukusuke statue', 'Japanese china figure said to bring good luck', 92, 173, 604, 678, 71, 81, 1, 'Fukusuke', '', 'leftImage', 921, 1, '2017-12-10 13:57:00', '2017-12-10 13:57:00'),
	(85, 'Stone figure of Snow White', 'from Grimms\' Fairy Tales', 134, 175, 662, 727, 62, 41, 1, 'Snow White', '', 'leftImage', 964, 1, '2017-12-10 13:57:00', '2017-12-10 13:57:00'),
	(86, 'Garden gnome', 'in the style of 19th-century Germany', 39, 72, 745, 804, 56, 33, 1, 'Garden gnome', '', 'leftImage', 973, 1, '2017-12-10 13:57:00', '2017-12-10 13:57:00'),
	(87, 'Baritone horn', 'low-pitched brass instrument in the saxhorn family', 156, 249, 549, 708, 156, 93, 1, 'Baritone horn', '', 'leftImage', 805, 1, '2017-12-10 13:57:00', '2017-12-10 13:57:00'),
	(88, 'Three-stringed guitar', 'flower arrangement', 498, 806, 806, 947, 141, 308, 1, 'Three-stringed guitar', '', 'centreImage', 420, 1, '2017-12-10 13:57:00', '2017-12-10 13:57:00'),
	(92, 'Jesus', 'Christ', 713, 990, 369, 615, 246, 277, 1, 'Jesus', NULL, 'centreImage', 414, 14, '2018-01-06 09:37:15', '2018-01-07 08:50:23'),
	(93, 'Peter', 'Rabbit', 526, 587, 421, 492, 71, 60, 1, 'Saint Peter', NULL, 'centreImage', 961, 14, '2018-01-06 09:39:18', '2018-01-07 12:05:57'),
	(94, 'Bartholomew', 'Apostle', 37, 274, 370, 637, 267, 237, 1, 'Bartholomew the Apostle', NULL, 'leftImage', 455, 14, '2018-01-07 09:34:28', '2018-01-07 12:03:01'),
	(95, 'James Minor', 'Apostle', 263, 342, 380, 488, 108, 79, 1, 'James, son of Alphaeus', NULL, 'leftImage', 925, 14, '2018-01-07 10:40:19', '2018-01-07 12:04:00'),
	(96, 'Andrew', 'Apostle', 335, 418, 383, 591, 208, 84, 1, 'Andrew the Apostle', NULL, 'leftImage', 849, 14, '2018-01-07 10:43:32', '2018-01-07 12:04:59'),
	(97, 'Judas Iscariot', 'Backstabber', 455, 556, 434, 610, 176, 101, 1, 'Judas Iscariot', NULL, 'leftImage', 846, 14, '2018-01-07 10:45:15', '2018-01-07 10:45:15'),
	(98, 'John/Mary', 'Apostle/\'Good Time\' Apostle', 579, 743, 413, 586, 172, 164, 1, 'John the Apostle', NULL, 'centreImage', 756, 14, '2018-01-07 11:37:08', '2018-01-12 22:51:58'),
	(99, 'Thomas', 'Doubter', 947, 1029, 379, 486, 107, 81, 1, 'Thomas the Apostle', NULL, 'centreImage', 923, 14, '2018-01-07 11:38:48', '2018-01-07 12:11:22'),
	(100, 'James Major', 'Apostle', 1017, 1081, 390, 507, 117, 64, 1, 'James, son of Zebedee', NULL, 'centreImage', 934, 14, '2018-01-07 11:40:03', '2018-01-07 12:12:28'),
	(101, 'Philip', 'Apostle', 1070, 1204, 362, 492, 131, 134, 1, 'Philip the Apostle', NULL, 'centreImage', 848, 14, '2018-01-07 11:41:47', '2018-01-07 12:13:58'),
	(102, 'Matthew', 'Apostle', 1121, 1415, 373, 591, 218, 294, 1, 'Matthew the Apostle', NULL, 'centreImage', 449, 14, '2018-01-07 11:49:25', '2018-01-07 12:14:23'),
	(103, 'Thaddeus', 'Apostle', 1404, 1515, 383, 593, 210, 112, 1, 'Thaddeus of Edessa', NULL, 'rightImage', 796, 14, '2018-01-07 11:54:20', '2018-01-07 12:15:23'),
	(104, 'Simon', 'Zealot', 1506, 1699, 388, 613, 225, 193, 1, 'Simon the Zealot', NULL, 'rightImage', 625, 14, '2018-01-07 11:55:17', '2018-01-07 12:16:18'),
	(227, 'Betelgeuse', 'shoulder', 345, 384, 271, 313, 42, 39, 1, 'Betelgeuse', NULL, 'leftImage', 978, 40, '2018-01-13 13:52:57', '2018-01-13 14:13:47'),
	(228, 'Meissa', 'head', 453, 480, 124, 162, 38, 27, 1, 'Meissa', NULL, 'centreImage', 986, 40, '2018-01-13 13:59:52', '2018-01-13 14:13:58'),
	(229, 'Bellatrix', 'arm', 575, 611, 187, 224, 37, 36, 1, 'Bellatrix', NULL, 'centreImage', 982, 40, '2018-01-13 14:13:24', '2018-01-13 14:13:24'),
	(230, 'Alnitak', 'belt', 600, 626, 485, 511, 26, 26, 1, 'Alnitak', NULL, 'centreImage', 990, 40, '2018-01-13 14:17:29', '2018-01-13 14:17:29'),
	(231, 'Alnilam', 'belt', 619, 647, 447, 472, 25, 28, 1, 'Alnilam', NULL, 'centreImage', 989, 40, '2018-01-13 14:18:35', '2018-01-13 14:18:35'),
	(232, 'Mintaka', 'belt', 637, 662, 407, 430, 23, 25, 1, 'Mintaka', NULL, 'centreImage', 991, 40, '2018-01-13 14:19:17', '2018-01-13 14:19:17'),
	(233, 'Sigma Orionis', 'hip', 629, 647, 500, 517, 17, 18, 1, 'Sigma Orionis', NULL, 'centreImage', 994, 40, '2018-01-13 14:21:05', '2018-01-13 14:21:05'),
	(234, 'Saiph', 'foot', 675, 700, 731, 756, 25, 25, 1, 'Saiph', NULL, 'centreImage', 990, 40, '2018-01-13 14:22:55', '2018-01-13 14:22:55'),
	(235, 'Rigel', 'foot', 877, 914, 555, 590, 35, 37, 1, 'Rigel', NULL, 'centreImage', 982, 40, '2018-01-13 14:23:57', '2018-01-13 14:23:57'),
	(236, 'Orion Nebula', 'M42', 694, 717, 557, 585, 28, 23, 1, 'Orion Nebula', NULL, 'centreImage', 990, 40, '2018-01-13 14:29:48', '2018-01-13 14:29:48'),
	(237, 'Iota Orionis', NULL, 708, 720, 579, 599, 20, 12, 1, 'Iota Orionis', NULL, 'centreImage', 995, 40, '2018-01-13 14:30:33', '2018-01-13 14:30:33'),
	(238, 'M72', 'globular cluster', 530, 559, 420, 447, 27, 29, 1, 'Messier 72', NULL, 'centreImage', 988, 40, '2018-01-13 14:35:11', '2018-01-13 15:02:02'),
	(254, 'Betelgeuse', 'shoulder', 94, 133, 271, 313, 42, 39, 1, 'Betelgeuse', NULL, 'leftImage', 978, 42, NULL, NULL),
	(255, 'Meissa', 'head', 202, 229, 124, 162, 38, 27, 1, 'Meissa', NULL, 'centreImage', 986, 42, NULL, NULL),
	(256, 'Bellatrix', 'arm', 324, 360, 187, 224, 37, 36, 1, 'Bellatrix', NULL, 'centreImage', 982, 42, NULL, NULL),
	(257, 'Alnitak', 'belt', 349, 375, 485, 511, 26, 26, 1, 'Alnitak', NULL, 'centreImage', 990, 42, NULL, NULL),
	(258, 'Alnilam', 'belt', 368, 396, 447, 472, 25, 28, 1, 'Alnilam', NULL, 'centreImage', 989, 42, NULL, NULL),
	(259, 'Mintaka', 'belt', 386, 411, 407, 430, 23, 25, 1, 'Mintaka', NULL, 'centreImage', 991, 42, NULL, NULL),
	(260, 'Sigma Orionis', 'hip', 378, 396, 500, 517, 17, 18, 1, 'Sigma Orionis', NULL, 'centreImage', 994, 42, NULL, NULL),
	(261, 'Saiph', 'foot', 424, 449, 731, 756, 25, 25, 1, 'Saiph', NULL, 'centreImage', 990, 42, NULL, NULL),
	(262, 'Rigel', 'foot', 626, 663, 555, 590, 35, 37, 1, 'Rigel', NULL, 'centreImage', 982, 42, NULL, NULL),
	(263, 'Orion Nebula', 'M42', 443, 466, 557, 585, 28, 23, 1, 'Orion Nebula', NULL, 'centreImage', 990, 42, NULL, NULL),
	(264, 'Iota Orionis', NULL, 457, 469, 579, 599, 20, 12, 1, 'Iota Orionis', NULL, 'centreImage', 995, 42, NULL, NULL),
	(265, 'M72', 'globular cluster', 279, 308, 420, 447, 27, 29, 1, 'Messier 72', NULL, 'centreImage', 988, 42, NULL, NULL),
	(269, 'PCI Slots', '(x3)', 191, 363, 156, 442, 286, 172, 1, 'Conventional PCI', NULL, 'leftImage', 260, 43, '2018-01-13 18:23:49', '2018-01-14 01:57:08'),
	(270, 'PCI Express', '(x2)', 60, 164, 174, 261, 87, 104, 1, 'PCI Express', NULL, 'leftImage', 862, 43, '2018-01-13 18:24:45', '2018-01-14 01:01:02'),
	(271, 'CD In', '(in)', 22, 50, 98, 144, 46, 28, 1, 'Compact Disc', NULL, 'leftImage', 979, 43, '2018-01-13 18:26:15', '2018-01-14 01:55:19'),
	(272, 'Onboard Audio', 'integrated', 85, 124, 91, 129, 38, 39, 1, 'audio microchip', NULL, 'leftImage', 976, 43, '2018-01-13 18:27:24', '2018-01-14 01:11:58'),
	(273, '1394 Headers', '(x2)', 24, 51, 153, 262, 109, 27, 1, 'IEEE 1394', NULL, 'leftImage', 954, 43, '2018-01-13 18:29:31', '2018-01-14 01:59:41'),
	(274, 'SPDIF', NULL, 48, 72, 118, 153, 35, 24, 1, 'SPDIF', NULL, 'leftImage', 985, 43, '2018-01-13 18:30:01', '2018-01-13 18:30:01'),
	(275, '1394 Controller', 'USB', 104, 179, 339, 416, 77, 75, 1, 'IEEE 1394', NULL, 'leftImage', 911, 43, '2018-01-13 18:31:17', '2018-01-14 02:00:14'),
	(276, '1394 Controller', 'USB', 104, 151, 276, 323, 47, 47, 1, 'IEEE 1394', NULL, 'leftImage', 965, 43, '2018-01-13 18:31:54', '2018-01-14 01:59:51'),
	(277, 'LED', NULL, 70, 95, 405, 428, 23, 25, 1, 'Light Emitting Diode', NULL, 'leftImage', 989, 43, '2018-01-13 18:33:01', '2018-01-13 18:33:01'),
	(278, 'SATA RAID', '(x2)', 21, 49, 261, 379, 118, 28, 1, 'RAID', NULL, 'leftImage', 948, 43, '2018-01-13 18:36:18', '2018-01-14 01:58:41'),
	(279, 'SATA RAID', '(x2)', 21, 49, 378, 492, 114, 28, 1, 'RAID', NULL, 'leftImage', 950, 43, '2018-01-13 18:37:02', '2018-01-14 01:58:45'),
	(280, 'Serial Port', 'Connector', 22, 59, 492, 566, 74, 37, 1, 'Serial Port', NULL, 'leftImage', 957, 43, '2018-01-13 18:38:13', '2018-01-13 18:39:01'),
	(281, 'USB', 'Header', 177, 204, 448, 500, 52, 27, 1, 'USB', NULL, 'leftImage', 977, 43, '2018-01-13 18:41:24', '2018-01-14 02:01:25'),
	(282, 'USB', 'Header', 236, 262, 448, 498, 50, 26, 1, 'USB', NULL, 'leftImage', 978, 43, '2018-01-13 18:42:20', '2018-01-14 02:01:30'),
	(283, 'Jumpers', NULL, 212, 237, 448, 472, 24, 25, 1, 'Jumper (computing)', NULL, 'leftImage', 989, 43, '2018-01-13 18:44:21', '2018-01-14 02:02:11'),
	(284, 'Marvell Chipset', 'wireless', 231, 452, 48, 148, 100, 221, 1, 'Marvell Chipset', NULL, 'leftImage', 666, 43, '2018-01-13 18:45:27', '2018-01-13 18:45:27'),
	(285, 'SATA Controller', 'Controller', 82, 155, 438, 512, 74, 73, 1, 'Serial ATA', NULL, 'leftImage', 917, 43, '2018-01-13 18:46:45', '2018-01-14 02:14:36'),
	(287, 'Southbridge', NULL, 240, 368, 532, 658, 126, 128, 1, 'Southbridge (computing)', NULL, 'leftImage', 756, 43, '2018-01-13 19:18:23', '2018-01-14 02:02:45'),
	(288, 'CMOS Battery', 'Backup', 159, 249, 707, 794, 87, 90, 1, 'CMOS Battery', NULL, 'leftImage', 881, 43, '2018-01-13 19:21:27', '2018-01-14 02:07:10'),
	(289, 'MIDI', 'Header', 22, 55, 566, 643, 77, 33, 1, 'MIDI', NULL, 'leftImage', 960, 43, '2018-01-14 00:36:59', '2018-01-14 02:15:07'),
	(290, 'System Panel Connectors', NULL, 22, 47, 719, 809, 90, 25, 1, 'System Panel', NULL, 'leftImage', 964, 43, '2018-01-14 00:47:38', '2018-01-14 01:11:27'),
	(291, 'ATA RAID', 'Primary', 77, 277, 797, 851, 54, 200, 1, 'Parallel ATA', NULL, 'leftImage', 836, 43, '2018-01-14 00:49:17', '2018-01-14 02:05:15'),
	(292, 'ATA RAID', 'Secondary', 79, 116, 529, 728, 199, 37, 1, 'Parallel ATA', NULL, 'leftImage', 888, 43, '2018-01-14 00:51:23', '2018-01-14 02:04:58'),
	(293, 'PLCC', 'Plastic Leaded Chip Carrier with FirmWare Hub', 158, 222, 646, 717, 71, 64, 1, 'Chip Carrier', NULL, 'leftImage', 930, 43, '2018-01-14 00:54:56', '2018-01-14 02:11:20'),
	(294, 'FWH', 'FirmWare Hub', 165, 214, 656, 709, 53, 49, 1, 'Firmware', NULL, 'leftImage', 959, 43, '2018-01-14 00:55:58', '2018-01-14 02:10:57'),
	(295, 'ATA Controller', 'Controller', 127, 209, 528, 594, 66, 82, 1, 'ATA Controller', NULL, 'leftImage', 917, 43, '2018-01-14 00:57:56', '2018-01-14 01:04:06'),
	(296, 'SATA Connections', '(x4)', 248, 306, 672, 797, 125, 58, 1, 'Serial ATA', NULL, 'leftImage', 889, 43, '2018-01-14 01:00:41', '2018-01-14 02:05:51'),
	(297, 'Case Fan Connector', '3-pin', 458, 494, 171, 202, 31, 36, 1, 'computer fan', NULL, 'centreImage', 981, 43, '2018-01-14 01:05:48', '2018-01-14 01:31:56'),
	(298, 'Case Fan Connector', '3-pin', 516, 544, 310, 344, 34, 28, 1, 'computer fan', NULL, 'centreImage', 984, 43, '2018-01-14 01:06:25', '2018-01-14 01:32:07'),
	(299, 'Power Connector', '24-pin', 491, 668, 761, 808, 47, 177, 1, 'Electrical connector', NULL, 'centreImage', 873, 43, '2018-01-14 01:08:09', '2018-01-14 02:28:43'),
	(300, 'Northbridge', NULL, 507, 661, 366, 523, 157, 154, 1, 'Northbridge (computing)', NULL, 'centreImage', 635, 43, '2018-01-14 01:09:14', '2018-01-14 02:02:56'),
	(301, 'AGP Slot', NULL, 393, 426, 174, 474, 300, 33, 1, 'Accelerated Graphics Port', NULL, 'centreImage', 849, 43, '2018-01-14 01:10:31', '2018-01-14 02:03:38'),
	(302, 'Capacitors', NULL, 161, 203, 88, 148, 60, 42, 1, 'Capacitor', NULL, 'leftImage', 960, 43, '2018-01-14 01:12:50', '2018-01-14 01:12:50'),
	(303, 'DIMM Slots', '(x4)', 481, 966, 582, 736, 154, 485, 1, 'DIMM', NULL, 'centreImage', 0, 43, '2018-01-14 01:14:55', '2018-01-14 01:14:55'),
	(304, 'ATA (IDE) Controller', 'Primary', 674, 872, 792, 826, 34, 198, 1, 'Parallel ATA', NULL, 'centreImage', 897, 43, '2018-01-14 01:16:21', '2018-01-14 02:21:03'),
	(305, 'Floppy Connector', NULL, 679, 853, 756, 793, 37, 174, 1, 'Floppy disk', NULL, 'centreImage', 901, 43, '2018-01-14 01:17:20', '2018-01-14 01:17:32'),
	(306, 'Super I/O', NULL, 881, 962, 757, 822, 65, 81, 1, 'Super I/O', NULL, 'rightImage', 919, 43, '2018-01-14 01:18:00', '2018-01-14 01:18:00'),
	(307, 'Osculator', NULL, 532, 558, 210, 253, 43, 26, 1, 'osculator', NULL, 'centreImage', 981, 43, '2018-01-14 01:19:56', '2018-01-14 01:19:56'),
	(308, 'Heat Sink', NULL, 759, 883, 120, 218, 98, 124, 1, 'Heat Sink', NULL, 'rightImage', 816, 43, '2018-01-14 01:20:53', '2018-01-14 01:20:53'),
	(309, 'Gigabit LAN Header', NULL, 598, 621, 157, 233, 76, 23, 1, 'Gigabit Ethernet', NULL, 'centreImage', 972, 43, '2018-01-14 01:21:28', '2018-01-14 02:15:53'),
	(310, 'CPU', 'levered', 709, 916, 261, 470, 209, 207, 1, 'Central Processing Unit', NULL, 'centreImage', 349, 43, '2018-01-14 01:23:55', '2018-01-14 02:19:32'),
	(311, 'Inductor', 'coil', 928, 990, 323, 380, 57, 62, 1, 'Inductor', NULL, 'rightImage', 945, 43, '2018-01-14 01:24:59', '2018-01-14 02:13:48'),
	(312, 'Inductor', 'coil', 708, 762, 165, 217, 52, 54, 1, 'Inductor', NULL, 'centreImage', 956, 43, '2018-01-14 01:25:33', '2018-01-14 02:13:39'),
	(313, 'Inductor', 'coil', 888, 943, 160, 214, 54, 55, 1, 'Inductor', NULL, 'rightImage', 953, 43, '2018-01-14 01:26:15', '2018-01-14 02:13:44'),
	(314, 'Power Connector', '4-pin', 916, 953, 104, 145, 41, 37, 1, 'P4 power connector', NULL, 'rightImage', 975, 43, '2018-01-14 01:27:25', '2018-01-14 01:27:25'),
	(315, 'Capacitors', NULL, 782, 923, 213, 259, 46, 141, 1, 'Capacitor', NULL, 'rightImage', 901, 43, '2018-01-14 01:28:31', '2018-01-14 01:28:31'),
	(316, 'Voltage Regulator', NULL, 948, 988, 378, 431, 53, 40, 1, 'Voltage Regulator', NULL, 'rightImage', 966, 43, '2018-01-14 01:29:58', '2018-01-14 01:29:58'),
	(317, 'Motherboard Model', 'PSAD2-E', 705, 823, 541, 585, 44, 118, 1, 'PSAD2-E', '<br / >\n<p>The P5AD2-E is one of the most comprehensive ASUS AI Proactive series motherboards. Featuring, gigabit Ethernet LAN, the most advanced PC technologies from the Intel 925XE chipsets and lower pricing than the other performance model</p>\n <br / >\n<a style="padding: 5px;"  target="_blank" href="https://www.asus.com/Motherboards/P5AD2E/">Manufacturer\'s Site</a>', 'centreImage', 920, 43, '2018-01-14 01:31:12', '2018-01-14 02:27:19'),
	(318, 'CPU Fan Connection', '4-pin', 858, 889, 512, 556, 44, 31, 1, 'CPU Fan', NULL, 'rightImage', 978, 43, '2018-01-14 01:32:57', '2018-01-14 01:33:36'),
	(319, 'Mount', NULL, 964, 1002, 799, 835, 36, 38, 1, NULL, NULL, 'rightImage', 977, 43, '2018-01-14 01:34:48', '2018-01-14 01:34:48'),
	(320, 'Parallel Port', NULL, 782, 967, 10, 110, 100, 185, 1, 'Parallel Port', NULL, 'rightImage', 720, 43, '2018-01-14 01:41:31', '2018-01-14 01:41:31'),
	(321, 'LAN Port', NULL, 649, 714, 28, 128, 100, 65, 1, 'Local Area Network', NULL, 'centreImage', 900, 43, '2018-01-14 01:42:02', '2018-01-14 02:20:10'),
	(322, 'WL_ANT', 'Antenna', 501, 531, 8, 71, 63, 30, 1, 'Wireless', NULL, 'centreImage', 970, 43, '2018-01-14 01:44:09', '2018-01-14 02:18:40'),
	(323, 'USB', NULL, 722, 781, 30, 110, 80, 59, 1, 'USB', NULL, 'centreImage', 927, 43, '2018-01-14 01:45:45', '2018-01-14 01:46:29'),
	(324, 'Line In/Out', NULL, 545, 592, 15, 105, 90, 47, 1, 'Phone connector (audio)', NULL, 'centreImage', 935, 43, '2018-01-14 01:49:36', '2018-01-14 02:16:30'),
	(325, 'Speaker Out', NULL, 596, 645, 15, 105, 90, 49, 1, 'Phone connector (audio)', NULL, 'centreImage', 932, 43, '2018-01-14 01:50:24', '2018-01-14 02:16:35'),
	(326, 'RF Coil', NULL, 424, 464, 605, 662, 57, 40, 1, 'Radiofrequency coil', NULL, 'centreImage', 964, 43, '2018-01-14 01:53:50', '2018-01-14 02:12:19'),
	(327, 'RF Coil', NULL, 639, 671, 237, 288, 51, 32, 1, 'Radiofrequency coil', NULL, 'centreImage', 974, 43, '2018-01-14 01:54:27', '2018-01-14 02:12:26');
/*!40000 ALTER TABLE `image_elements` ENABLE KEYS */;

-- Dumping structure for table images.users
CREATE TABLE IF NOT EXISTS `users` (
  `id` int(10) unsigned NOT NULL AUTO_INCREMENT,
  `name` varchar(255) COLLATE utf8mb4_unicode_ci NOT NULL,
  `username` varchar(255) COLLATE utf8mb4_unicode_ci NOT NULL,
  `email` varchar(255) COLLATE utf8mb4_unicode_ci NOT NULL,
  `password` varchar(255) COLLATE utf8mb4_unicode_ci NOT NULL,
  `remember_token` varchar(100) COLLATE utf8mb4_unicode_ci DEFAULT NULL,
  `admin` tinyint(4) NOT NULL DEFAULT '0',
  `created_at` timestamp NULL DEFAULT NULL,
  `updated_at` timestamp NULL DEFAULT NULL,
  PRIMARY KEY (`id`),
  UNIQUE KEY `users_email_unique` (`email`)
) ENGINE=InnoDB AUTO_INCREMENT=4 DEFAULT CHARSET=utf8mb4 COLLATE=utf8mb4_unicode_ci ROW_FORMAT=DYNAMIC;

-- Dumping data for table images.users: ~3 rows (approximately)
/*!40000 ALTER TABLE `users` DISABLE KEYS */;
INSERT INTO `users` (`id`, `name`, `username`, `email`, `password`, `remember_token`, `admin`, `created_at`, `updated_at`) VALUES
	(1, 'Admin', 'admin', 'me@here.com', '$2y$10$vA9cKf.Es/gpeBbzeQ66yOH4St5SBTOeVAQTe9wZk4engBvIR4ybe', '1ARHPGSMSKEx6MKwZbO0RVI3Q3pFqXcjiQO3dMbLdp9YwFQ6JmF3E4Xrqbhp', 1, '2017-12-19 03:08:29', '2017-12-19 03:08:29'),
	(2, 'user', 'user', 'user@nowhere.com', '$2y$10$vbuXTBThw61MYwLl5Rad9uyHuqOan2TkDX6vrWDGUCp2hezb0agqy', 'WvrDsA26AadTt6lLV8SSezV153KQbyVrAgDcuiwvy1mzmLp2v6g87sk6129c', 0, '2018-01-15 13:32:51', '2018-01-15 13:32:51'),
	(3, 'user2', 'user2', 'me@nowhere.com', '$2y$10$phXFg2oYGcuEoWV2lk9PSuw7hmL/G1nci6i8YmLLyAPF1XCC/./Ku', 'qFwEO6oh58kaEjT9WwY71ZOSDk4SXfjHBiK93oVpMgEdm3YBU2yq0xE3aZKk', 0, '2018-01-15 23:47:21', '2018-01-15 23:47:21');
/*!40000 ALTER TABLE `users` ENABLE KEYS */;

/*!40101 SET SQL_MODE=IFNULL(@OLD_SQL_MODE, '') */;
/*!40014 SET FOREIGN_KEY_CHECKS=IF(@OLD_FOREIGN_KEY_CHECKS IS NULL, 1, @OLD_FOREIGN_KEY_CHECKS) */;
/*!40101 SET CHARACTER_SET_CLIENT=@OLD_CHARACTER_SET_CLIENT */;
